"","Time.GMT","Latitude","Longitude","index"
"1",3.475,47.5935,52.597,1
"2",3.08333333333333,47.6891666666667,52.6173333333333,2
"3",3.56666666666667,47.7743333333333,52.6326666666667,3
"4",3.10833333333333,47.8618333333333,52.6426666666667,4
"5",3.59166666666667,47.9516666666667,52.6591666666667,5
"6",3.16666666666667,48.0466666666667,52.6785,6
"7",4.03333333333333,48.2185,52.7173333333333,7
"8",3.575,48.224,52.8398333333333,8
"9",4.075,48.2203333333333,52.946,9
"10",3.61666666666667,48.1938333333333,53.0653333333333,10
"11",3.225,48.1305,53.1785,11
"12",3.65833333333333,48.2456666666667,53.2585,12
"13",4.15833333333333,48.0166666666667,53.3478333333333,13
"14",3.7,47.9511666666667,53.4406666666667,14
"15",4.2,47.8841666666667,53.5288333333333,15
"16",3.74166666666667,47.7993333333333,53.5696666666667,16
"17",4.24166666666667,47.7085,53.5896666666667,17
"18",3.78333333333333,47.6186666666667,53.6001666666667,18
"19",4.08333333333333,47.572,53.6115,19
"20",3.50833333333333,47.6171666666667,53.6738333333333,20
"21",3.925,47.6863333333333,53.6658333333333,21
"22",4.14166666666667,47.7025,53.7093333333333,22
"23",3.48333333333333,47.6741666666667,53.7695,23
"24",3.81666666666667,47.7138333333333,53.8255,24
"25",3.59166666666667,47.8145,53.7431666666667,25
"26",4.00833333333333,NA,NA,26
"27",4.40833333333333,47.7103333333333,53.6203333333333,27
"28",3.75,47.6806666666667,53.5805,28
"29",3.91666666666667,47.6891666666667,53.5928333333333,29
"30",4.43333333333333,47.7085,53.6253333333333,30
"31",4.275,47.6778333333333,53.5798333333333,31
"32",4.08333333333333,47.7511666666667,53.518,32
"33",3.625,47.8156666666667,53.5556666666667,33
"34",4.15833333333333,47.8791666666667,53.6181666666667,34
"35",4.34166666666667,47.9053333333333,53.6565,35
"36",3.88333333333333,47.9798333333333,53.6291666666667,36
"37",4.06666666666667,48.0051666666667,53.6023333333333,37
"38",4.38333333333333,47.9725,53.5586666666667,38
"39",4.025,47.895,53.4648333333333,39
"40",4.15833333333333,47.8795,53.4388333333333,40
"41",4.55833333333333,47.9263333333333,53.4426666666667,41
"42",3.88333333333333,47.9663333333333,53.3655,42
"43",4.31666666666667,48.0185,53.4291666666667,43
"44",3.825,48.0803333333333,53.4986666666667,44
"45",3.90833333333333,48.0921666666667,53.511,45
"46",4.40833333333333,48.1635,53.4603333333333,46
"47",4.525,48.1808333333333,53.4428333333333,47
"48",4.1,48.1218333333333,53.3545,48
"49",4.41666666666667,48.0836666666667,53.3078333333333,49
"50",4.56666666666667,48.0796666666667,53.3023333333333,50
"51",4.29166666666667,48.1071666666667,53.3431666666667,51
"52",4.80833333333333,48.0735,53.3036666666667,52
"53",3.98333333333333,48.0623333333333,53.2755,53
"54",4.5,48.0953333333333,53.158,54
"55",4.85,48.0673333333333,53.087,55
"56",4.45833333333333,48.143,53.1871666666667,56
"57",4,48.2146666666667,53.2641666666667,57
"58",4.5,48.2788333333333,53.3461666666667,58
"59",4.75,48.3008333333333,53.3795,59
"60",4.125,48.3046666666667,53.3801666666667,60
"61",4.575,48.2835,53.3523333333333,61
"62",4.11666666666667,48.2701666666667,53.3455,62
"63",4.63333333333333,48.2808333333333,53.3511666666667,63
"64",4.59166666666667,48.2988333333333,53.3296666666667,64
"65",4.775,48.3118333333333,53.3828333333333,65
"66",4.36666666666667,48.3488333333333,53.263,66
"67",4.86666666666667,48.293,53.1785,67
"68",4.40833333333333,48.23,53.0993333333333,68
"69",4.99166666666667,48.1585,53.0073333333333,69
"70",4.51666666666667,48.202,52.9215,70
"71",4.75,48.1735,52.8973333333333,71
"72",5.05,48.15,52.8325,72
"73",5.16666666666667,48.1631666666667,52.8188333333333,73
"74",4.70833333333333,48.219,52.8911666666667,74
"75",5.20833333333333,48.2725,52.9563333333333,75
"76",4.75,48.3353333333333,53.0336666666667,76
"77",5.21666666666667,48.396,53.1043333333333,77
"78",4.75833333333333,48.4556666666667,53.0236666666667,78
"79",4.825,48.4641666666667,53.014,79
"80",4.95833333333333,48.4768333333333,53.0146666666667,80
"81",4.5,48.4105,52.9365,81
"82",5,48.3438333333333,52.8596666666667,82
"83",4.54166666666667,48.276,52.7766666666667,83
"84",5.04166666666667,48.2103333333333,52.6988333333333,84
"85",4.58333333333333,48.2858333333333,52.6996666666667,85
"86",5.25,48.3993333333333,52.7196666666667,86
"87",4.79166666666667,48.4766666666667,52.7321666666667,87
"88",5.40833333333333,48.5748333333333,52.7471666666667,88
"89",5.44166666666667,48.5741666666667,52.742,89
"90",4.76666666666667,48.5836666666667,52.7471666666667,90
"91",5.025,48.5123333333333,52.7491666666667,91
"92",5.33333333333333,48.5038333333333,52.7403333333333,92
"93",4.84166666666667,48.5695,52.7223333333333,93
"94",5.34166666666667,48.571,52.6005,94
"95",4.88333333333333,48.5715,52.4775,95
"96",5.38333333333333,48.5705,52.3478333333333,96
"97",5.04166666666667,48.57,52.1978333333333,97
"98",5.525,48.571,52.097,98
"99",5.23333333333333,48.5736666666667,51.9283333333333,99
"100",4.90833333333333,48.5725,51.7666666666667,100
"101",5.45833333333333,48.57,51.6218333333333,101
"102",5.64166666666667,48.5713333333333,51.6158333333333,102
"103",5.88333333333333,48.5726666666667,51.7255,103
"104",5.65833333333333,48.5741666666667,51.5903333333333,104
"105",5.23333333333333,48.5743333333333,51.455,105
"106",5.73333333333333,48.5736666666667,51.325,106
"107",5.29166666666667,48.5711666666667,51.1936666666667,107
"108",5.675,48.5726666666667,51.0826666666667,108
"109",5.21666666666667,48.6486666666667,51.068,109
"110",5.46666666666667,48.6895,51.0698333333333,110
"111",5.275,48.5898333333333,51.0681666666667,111
"112",5.2,48.6435,51.0666666666667,112
"113",5.86666666666667,48.718,51.0638333333333,113
"114",5.40833333333333,48.7991666666667,51.0643333333333,114
"115",6.05833333333333,48.8985,51.087,115
"116",6.05,48.903,51.3166666666667,116
"117",5.575,48.902,51.438,117
"118",6.24166666666667,48.906,51.6056666666667,118
"119",5.78333333333333,48.9095,51.7291666666667,119
"120",5.54166666666667,48.9135,51.9086666666667,120
"121",6.20833333333333,48.9133333333333,52.0796666666667,121
"122",5.75,48.9121666666667,52.2083333333333,122
"123",5.49166666666667,48.9073333333333,52.3426666666667,123
"124",6.05833333333333,48.9068333333333,52.2966666666667,124
"125",5.5,48.9093333333333,52.3571666666667,125
"126",6,48.9053333333333,52.4813333333333,126
"127",6.21666666666667,48.9055,52.54,127
"128",5.54166666666667,48.9063333333333,52.6075,128
"129",5.99166666666667,48.9085,52.7173333333333,129
"130",6.525,48.9101666666667,52.8573333333333,130
"131",6.11666666666667,48.9095,52.9953333333333,131
"132",5.64166666666667,48.9113333333333,53.1195,132
"133",5.725,48.9116666666667,53.1396666666667,133
"134",5.85833333333333,48.9106666666667,53.1533333333333,134
"135",6.425,48.9178333333333,53.2645,135
"136",5.85,48.9171666666667,53.3278333333333,136
"137",6.45,48.9785,53.3225,137
"138",5.99166666666667,49.0341666666667,53.2886666666667,138
"139",6.55833333333333,49.0931666666667,53.2445,139
"140",6.1,49.1453333333333,53.2033333333333,140
"141",6.18333333333333,49.154,53.1968333333333,141
"142",6.41666666666667,49.1686666666667,53.1771666666667,142
"143",6.04166666666667,49.2288333333333,53.1395,143
"144",6.45833333333333,49.2375,53.094,144
"145",6.98333333333333,49.2323333333333,53.1291666666667,145
"146",7.28333333333333,49.3206666666667,53.0771666666667,146
"147",6.74166666666667,49.2371666666667,52.9913333333333,147
"148",7.475,49.242,52.8175,148
"149",7,49.2395,52.7146666666667,149
"150",7.5,49.2365,52.6068333333333,150
"151",7.04166666666667,49.2346666666667,52.4825,151
"152",7.54166666666667,49.233,52.3555,152
"153",7.08333333333333,49.2385,52.2385,153
"154",7.58333333333333,49.2421666666667,52.1185,154
"155",6.925,49.244,52.0436666666667,155
"156",7.00833333333333,49.2446666666667,52.0473333333333,156
"157",7.16666666666667,49.2405,52.1376666666667,157
"158",7.65,49.2373333333333,52.0496666666667,158
"159",7.275,49.2353333333333,52.8845,159
"160",7.80833333333333,49.2408333333333,52.74,160
"161",7.73333333333333,49.2418333333333,51.512,161
"162",7.29166666666667,49.3203333333333,51.4978333333333,162
"163",7.79166666666667,49.4,51.4896666666667,163
"164",7.33333333333333,49.474,51.4861666666667,164
"165",7.96666666666667,49.5696666666667,51.4905,165
"166",7.64166666666667,49.5711666666667,51.64,166
"167",7.18333333333333,49.5708333333333,51.7633333333333,167
"168",7.68333333333333,49.5693333333333,51.8911666666667,168
"169",7.225,49.5703333333333,52.0233333333333,169
"170",7.425,49.5713333333333,52.075,170
"171",7.75833333333333,49.5718333333333,52.1793333333333,171
"172",7.43333333333333,49.5706666666667,52.3233333333333,172
"173",7.93333333333333,49.5708333333333,52.4536666666667,173
"174",7.525,49.57,52.6041666666667,174
"175",8.025,49.5715,52.7365,175
"176",7.55,49.5731666666667,52.8523333333333,176
"177",7.68333333333333,49.5736666666667,52.8401666666667,177
"178",8.21666666666667,49.5721666666667,52.7998333333333,178
"179",8.05833333333333,49.5726666666667,52.9485,179
"180",7.86666666666667,49.6835,53.0078333333333,180
"181",7.49166666666667,49.775,53.0633333333333,181
"182",7.99166666666667,49.8396666666667,53.1258333333333,182
"183",7.53333333333333,49.8961666666667,53.2228333333333,183
"184",7.75,49.9108333333333,53.265,184
"185",8.25,49.9116666666667,53.1513333333333,185
"186",7.60833333333333,49.9111666666667,53.0655,186
"187",8.05833333333333,49.9118333333333,52.4506666666667,187
"188",7.63333333333333,49.9128333333333,52.8248333333333,188
"189",8.13333333333333,49.9073333333333,52.6921666666667,189
"190",8.53333333333333,49.909,52.589,190
"191",8.125,49.9116666666667,52.4535,191
"192",7.66666666666667,49.9095,52.328,192
"193",8.28333333333333,49.9126666666667,52.1741666666667,193
"194",7.70833333333333,49.9116666666667,52.0761666666667,194
"195",8.075,49.9093333333333,51.9985,195
"196",8.24166666666667,49.907,51.9776666666667,196
"197",8.34166666666667,49.906,51.9765,197
"198",8.475,49.902,51.973,198
"199",8.69166666666667,49.9078333333333,51.9883333333333,199
"200",8.7,49.8891666666667,51.906,200
"201",7.99166666666667,49.8876666666667,51.8936666666667,201
"202",8.275,49.8978333333333,51.8785,202
"203",7.91666666666667,49.9135,51.8475,203
"204",8.33333333333333,49.9081666666667,51.7563333333333,204
"205",7.89166666666667,49.8988333333333,51.6198333333333,205
"206",8.375,49.8971666666667,51.4981666666667,206
"207",7.91666666666667,49.9073333333333,51.3761666666667,207
"208",8.38333333333333,49.9086666666667,51.2568333333333,208
"209",7.95833333333333,49.8978333333333,51.1393333333333,209
"210",8.45833333333333,49.8871666666667,51.0478333333333,210
"211",8.65833333333333,49.8843333333333,51.0098333333333,211
"212",8.25,49.8815,50.9155,212
"213",8.75,49.8903333333333,50.8331666666667,213
"214",8.29166666666667,49.9093333333333,50.7543333333333,214
"215",8.79166666666667,49.9176666666667,50.6743333333333,215
"216",8.33333333333333,49.9153333333333,50.5891666666667,216
"217",8.63333333333333,49.911,50.5353333333333,217
"218",8.175,49.9078333333333,50.4466666666667,218
"219",8.675,49.9045,50.3546666666667,219
"220",8.55,49.9035,50.203,220
"221",9.05,49.8435,50.1843333333333,221
"222",8.59166666666667,49.783,50.168,222
"223",8.975,49.7448333333333,50.1555,223
"224",9.05833333333333,49.745,50.1578333333333,224
"225",8.95,49.7891666666667,50.176,225
"226",9.15,49.7968333333333,50.176,226
"227",8.79166666666667,49.7418333333333,50.1533333333333,227
"228",8.33333333333333,49.6778333333333,50.1321666666667,228
"229",8.83333333333333,49.6241666666667,50.1095,229
"230",9.23333333333333,49.5815,50.0903333333333,230
"231",8.775,49.5698333333333,50.1563333333333,231
"232",9.275,49.5683333333333,50.184,232
"233",8.81666666666667,49.57,50.3381666666667,233
"234",9.31666666666667,49.573,50.4548333333333,234
"235",8.85833333333333,49.5756666666667,50.5761666666667,235
"236",9.35833333333333,49.5761666666667,50.6968333333333,236
"237",8.63333333333333,49.5758333333333,50.754,237
"238",9.13333333333333,49.5733333333333,50.8796666666667,238
"239",8.675,49.5661666666667,51.0061666666667,239
"240",9.175,49.5636666666667,51.1356666666667,240
"241",8.63333333333333,49.5631666666667,51.2436666666667,241
"242",9.08333333333333,49.5645,51.3588333333333,242
"243",8.625,49.561,51.4943333333333,243
"244",9.00833333333333,49.524,51.498,244
"245",8.83333333333333,49.4811666666667,51.4891666666667,245
"246",9.48333333333333,49.4008333333333,51.489,246
"247",9.09166666666667,49.3023333333333,51.497,247
"248",9.525,49.2398333333333,51.4863333333333,248
"249",9.11666666666667,49.2413333333333,51.3376666666667,249
"250",9.61666666666667,49.2391666666667,51.1978333333333,250
"251",9.175,49.2333333333333,51.0533333333333,251
"252",9,49.2351666666667,50.8526666666667,252
"253",9.51666666666667,49.2401666666667,50.7281666666667,253
"254",9.09166666666667,49.2396666666667,50.6676666666667,254
"255",9.50833333333333,49.2408333333333,50.6445,255
"256",9.74166666666667,49.2388333333333,50.5895,256
"257",9.33333333333333,49.239,50.4476666666667,257
"258",9.00833333333333,49.241,50.2831666666667,258
"259",9.20833333333333,49.2403333333333,50.2968333333333,259
"260",9.23333333333333,49.245,50.3768333333333,260
"261",9.78333333333333,49.2446666666667,50.2785,261
"262",9.275,49.2426666666667,50.1598333333333,262
"263",9.45833333333333,49.2413333333333,50.1093333333333,263
"264",9.08333333333333,49.1586666666667,50.0715,264
"265",9.58333333333333,49.0815,50.051,265
"266",9.125,49.0051666666667,50.0306666666667,266
"267",9.775,48.9101666666667,50.0223333333333,267
"268",9.63333333333333,48.9068333333333,50.181,268
"269",9.20833333333333,48.9061666666667,50.293,269
"270",9.975,48.904,50.4443333333333,270
"271",9.36666666666667,48.9036666666667,50.3915,271
"272",10.1333333333333,48.9093333333333,50.3213333333333,272
"273",9.675,48.9171666666667,50.3613333333333,273
"274",10.175,48.911,50.4515,274
"275",9.71666666666667,48.9043333333333,50.5348333333333,275
"276",10.2166666666667,48.899,50.6528333333333,276
"277",9.75833333333333,48.8993333333333,50.763,277
"278",10.2583333333333,48.9025,50.8726666666667,278
"279",9.98333333333333,48.8896666666667,51.0013333333333,279
"280",9.525,48.8038333333333,50.9898333333333,280
"281",10.025,48.7203333333333,50.9925,281
"282",9.56666666666667,48.6381666666667,51,282
"283",9.83333333333333,48.5926666666667,51.0028333333333,283
"284",9.95,48.5736666666667,51.0041666666667,284
"285",10.1166666666667,48.5715,51.0446666666667,285
"286",10.3,48.572,51.0116666666667,286
"287",9.90833333333333,48.5703333333333,50.8551666666667,287
"288",10.0083333333333,48.5698333333333,50.8713333333333,288
"289",9.83333333333333,48.57,50.9301666666667,289
"290",10.0666666666667,48.5751666666667,50.949,290
"291",10.3166666666667,48.5701666666667,50.9631666666667,291
"292",10.2416666666667,48.5676666666667,50.8993333333333,292
"293",9.83333333333333,48.5701666666667,50.7596666666667,293
"294",10.3333333333333,48.5713333333333,50.6315,294
"295",9.925,48.5686666666667,50.4871666666667,295
"296",10.4416666666667,48.5713333333333,50.351,296
"297",9.91666666666667,48.5738333333333,50.2378333333333,297
"298",10.4166666666667,48.574,50.1001666666667,298
"299",9.975,48.5715,49.9656666666667,299
"300",10.2416666666667,48.5696666666667,49.8973333333333,300
"301",10.0666666666667,48.5613333333333,49.7125,301
"302",10.5833333333333,48.5038333333333,49.6135,302
"303",10.125,48.4528333333333,49.5125,303
"304",10.625,48.4066666666667,49.41,304
"305",10.1666666666667,48.3593333333333,49.3075,305
"306",10.6666666666667,48.3096666666667,49.198,306
"307",10.3916666666667,48.2408333333333,49.0488333333333,307
"308",10,48.2391666666667,49.1653333333333,308
"309",10.5,48.2368333333333,49.287,309
"310",10.75,48.237,49.3485,310
"311",10.2916666666667,48.2363333333333,49.4758333333333,311
"312",11.025,48.2361666666667,49.6586666666667,312
"313",10.5833333333333,48.2345,49.7831666666667,313
"314",10.125,48.2376666666667,49.9125,314
"315",10.575,48.239,50.0206666666667,315
"316",11.1083333333333,48.2345,50.1535,316
"317",10.65,48.2675,50.2603333333333,317
"318",11.15,48.282,50.3825,318
"319",10.6916666666667,48.2415,50.4946666666667,319
"320",11.1916666666667,48.2388333333333,50.6225,320
"321",10.7333333333333,48.2376666666667,50.7595,321
"322",10.325,48.238,50.8888333333333,322
"323",10.875,48.2248333333333,50.9823333333333,323
"324",10.9916666666667,48.225,50.981,324
"325",10.8333333333333,48.2258333333333,50.9091666666667,325
"326",11.0833333333333,48.2373333333333,50.8865,326
"327",10.6583333333333,48.2398333333333,51.0103333333333,327
"328",11.125,48.24,51.1245,328
"329",10.6666666666667,48.2418333333333,51.2476666666667,329
"330",11.1666666666667,48.2431666666667,51.3695,330
"331",10.7083333333333,48.244,51.4903333333333,331
"332",11.2083333333333,48.244,51.612,332
"333",10.75,48.2433333333333,51.7341666666667,333
"334",11.0833333333333,48.242,51.8168333333333,334
"335",11.2,48.2435,51.807,335
"336",10.8583333333333,48.2413333333333,51.7523333333333,336
"337",11.2583333333333,48.2383333333333,51.7543333333333,337
"338",11.2833333333333,48.2291666666667,51.8265,338
"339",10.825,48.2365,51.953,339
"340",11.3416666666667,48.2373333333333,52.0781666666667,340
"341",10.8833333333333,48.2378333333333,52.2005,341
"342",11.3833333333333,48.2398333333333,52.3218333333333,342
"343",10.8583333333333,48.2435,52.4298333333333,343
"344",11.4583333333333,48.2393333333333,52.5735,344
"345",11,48.2378333333333,52.6968333333333,345
"346",11.5,48.1695,52.674,346
"347",11.0416666666667,48.0986666666667,52.6428333333333,347
"348",11.5416666666667,48.017,52.6271666666667,348
"349",11.3,47.9051666666667,52.5801666666667,349
"350",10.875,47.9113333333333,52.4328333333333,350
"351",11.375,47.9136666666667,52.2996666666667,351
"352",11.5083333333333,47.9135,52.2685,352
"353",11.2833333333333,47.915,52.2001666666667,353
"354",11.9,47.9131666666667,52.0756666666667,354
"355",11.4583333333333,47.9101666666667,51.948,355
"356",11.0333333333333,47.9083333333333,51.817,356
"357",11.5166666666667,47.907,51.697,357
"358",11.9833333333333,47.9055,51.5755,358
"359",11.5416666666667,47.9121666666667,51.4586666666667,359
"360",11.0833333333333,47.9165,51.3391666666667,360
"361",11.5833333333333,47.9133333333333,51.2281666666667,361
"362",11.125,47.8735,51.2866666666667,362
"363",11.625,47.842,51.4245,363
"364",11.1666666666667,47.8116666666667,51.5403333333333,364
"365",11.6666666666667,47.7896666666667,51.6426666666667,365
"366",11.2083333333333,47.7671666666667,51.7563333333333,366
"367",11.7083333333333,47.7433333333333,51.8681666666667,367
"368",11.25,47.711,51.9776666666667,368
"369",11.75,47.6926666666667,52.073,369
"370",11.2916666666667,47.6715,52.1705,370
"371",11.7916666666667,47.6485,52.2633333333333,371
"372",11.3333333333333,47.6243333333333,52.3598333333333,372
"373",11.8333333333333,47.606,52.456,373
"374",11.375,47.5863333333333,52.551,374
"375",11.9166666666667,NA,NA,375
"376",12.65,47.5661666666667,52.647,376
"377",12.1083333333333,47.5726666666667,52.538,377
"378",11.75,47.5746666666667,52.378,378
"379",12.25,47.5746666666667,52.258,379
"380",11.7916666666667,47.5781666666667,52.1363333333333,380
"381",12.2916666666667,47.5733333333333,52.0205,381
"382",11.8333333333333,47.573,51.8956666666667,382
"383",12.3333333333333,47.5728333333333,51.7776666666667,383
"384",11.875,47.573,51.655,384
"385",12.375,47.5756666666667,51.5341666666667,385
"386",11.9166666666667,47.5791666666667,51.4038333333333,386
"387",12,47.5781666666667,51.3845,387
"388",12.1,47.58,51.4393333333333,388
"389",12.4666666666667,47.5803333333333,51.4188333333333,389
"390",12.7166666666667,47.5846666666667,51.4026666666667,390
"391",12.4416666666667,47.5786666666667,51.3138333333333,391
"392",12.2833333333333,47.5801666666667,51.0318333333333,392
"393",12.7833333333333,47.6571666666667,51.067,393
"394",12.2916666666667,47.7276666666667,51.1081666666667,394
"395",12.7916666666667,47.7526666666667,51.1566666666667,395
"396",12.3333333333333,47.8796666666667,51.208,396
"397",12.45,47.8976666666667,51.22,397
"398",12.95,47.902,51.1018333333333,398
"399",12.3416666666667,47.902,51.0141666666667,399
"400",12.2166666666667,47.9036666666667,50.807,400
"401",12.7166666666667,47.9046666666667,50.6846666666667,401
"402",12.2583333333333,47.9031666666667,50.7263333333333,402
"403",12.7583333333333,47.904,50.433,403
"404",12.3,47.903,50.3058333333333,404
"405",12.8,47.904,50.1815,405
"406",12.3416666666667,47.9046666666667,50.101,406
"407",12.8416666666667,47.9055,49.9386666666667,407
"408",12.3833333333333,47.9048333333333,49.8173333333333,408
"409",12.8833333333333,47.9021666666667,49.6953333333333,409
"410",13,47.9013333333333,49.671,410
"411",12.425,47.9003333333333,49.7561666666667,411
"412",13.1083333333333,47.898,49.818,412
"413",12.8833333333333,47.9001666666667,49.6703333333333,413
"414",13.0166666666667,47.8991666666667,49.637,414
"415",13.2833333333333,47.8856666666667,49.58,415
"416",12.9583333333333,47.8888333333333,49.4165,416
"417",13.375,47.8935,49.3075,417
"418",12.9166666666667,47.9,49.183,418
"419",13.4166666666667,47.9025,49.0563333333333,419
"420",12.9583333333333,47.9048333333333,48.9291666666667,420
"421",13.1583333333333,47.9051666666667,48.8856666666667,421
"422",13.3833333333333,47.9038333333333,48.7886666666667,422
"423",12.6583333333333,47.9108333333333,48.7925,423
"424",14.0583333333333,47.5785,50.9696666666667,424
"425",13.5833333333333,47.5785,50.8401666666667,425
"426",14.0833333333333,47.5783333333333,50.713,426
"427",13.625,47.5778333333333,50.5848333333333,427
"428",14.125,47.5785,50.457,428
"429",13.6666666666667,47.579,50.329,429
"430",14.1666666666667,47.5785,50.204,430
"431",13.7083333333333,47.5806666666667,50.08,431
"432",14.2083333333333,47.5811666666667,49.9536666666667,432
"433",13.75,47.5815,49.8286666666667,433
"434",14.25,47.58,49.7023333333333,434
"435",13.7416666666667,47.5778333333333,49.593,435
"436",13.8583333333333,47.578,49.594,436
"437",14.1916666666667,47.5773333333333,49.6196666666667,437
"438",14.425,47.5806666666667,49.5911666666667,438
"439",13.9,47.5775,49.4716666666667,439
"440",14.4,47.576,49.341,440
"441",13.9416666666667,47.5736666666667,49.2118333333333,441
"442",14.4416666666667,47.57,49.0836666666667,442
"443",13.9833333333333,47.5721666666667,48.9546666666667,443
"444",14.5,47.5673333333333,48.824,444
"445",13.875,47.5615,48.7395,445
"446",14.375,47.64,48.7483333333333,446
"447",14.6416666666667,47.6866666666667,48.7578333333333,447
"448",14.1666666666667,47.7696666666667,48.767,448
"449",14.6666666666667,47.8568333333333,48.7718333333333,449
"450",13.975,47.9031666666667,48.773,450
"451",14.475,47.9126666666667,48.6393333333333,451
"452",14.1166666666667,47.915,48.4773333333333,452
"453",14.6166666666667,47.9131666666667,48.3431666666667,453
"454",14.1583333333333,47.9115,48.21,454
"455",14.6583333333333,47.9093333333333,48.0796666666667,455
"456",14.2,47.9086666666667,47.9448333333333,456
"457",14.7,47.9043333333333,47.8136666666667,457
"458",14.2416666666667,47.8965,47.6783333333333,458
"459",14.7416666666667,47.8945,47.5485,459
"460",14.2833333333333,47.8935,47.4196666666667,460
"461",14.125,47.8981666666667,47.2155,461
"462",14.675,47.8475,47.2011666666667,462
"463",14.7833333333333,47.9016666666667,47.2093333333333,463
"464",14.95,47.894,47.199,464
"465",14.4916666666667,47.8068333333333,47.1936666666667,465
"466",14.9916666666667,47.7216666666667,47.191,466
"467",14.5333333333333,47.6351666666667,47.1868333333333,467
"468",14.9333333333333,47.5693333333333,47.1825,468
"469",15.025,47.5666666666667,47.4313333333333,469
"470",14.5833333333333,47.5663333333333,47.5608333333333,470
"471",15.0833333333333,47.5663333333333,47.6865,471
"472",14.625,47.5721666666667,47.8093333333333,472
"473",15.125,47.574,47.9385,473
"474",14.6666666666667,47.575,48.0668333333333,474
"475",15.1833333333333,47.5728333333333,48.1998333333333,475
"476",15.3666666666667,47.5721666666667,48.1873333333333,476
"477",14.8083333333333,47.5691666666667,48.1523333333333,477
"478",15.0666666666667,47.5728333333333,48.2025,478
"479",14.6083333333333,47.5726666666667,48.3276666666667,479
"480",14.9583333333333,47.5723333333333,48.4218333333333,480
"481",15.4583333333333,47.5793333333333,48.5221666666667,481
"482",15,47.5801666666667,48.6405,482
"483",15.5166666666667,47.5866666666667,48.7658333333333,483
"484",15.125,47.5101666666667,48.8496666666667,484
"485",14.6666666666667,47.4435,48.9221666666667,485
"486",15.1666666666667,47.3736666666667,49,486
"487",14.7083333333333,47.3086666666667,49.0753333333333,487
"488",15.1416666666667,47.2548333333333,49.1366666666667,488
"489",14.75,47.255,48.9883333333333,489
"490",15.25,47.2535,48.8548333333333,490
"491",14.7916666666667,47.2516666666667,48.7193333333333,491
"492",15.2916666666667,47.2481666666667,48.5925,492
"493",14.95,47.2486666666667,48.454,493
"494",15.3,47.25,48.4238333333333,494
"495",14.875,47.2478333333333,48.3243333333333,495
"496",15.375,47.2483333333333,48.1961666666667,496
"497",14.9166666666667,47.248,48.0721666666667,497
"498",15.4166666666667,47.2458333333333,47.9461666666667,498
"499",15.7,47.2448333333333,47.8706666666667,499
"500",15.4583333333333,47.2418333333333,47.6735,500
"501",15,47.2365,47.5373333333333,501
"502",15.5166666666667,47.235,47.4063333333333,502
"503",15.1416666666667,47.2341666666667,47.266,503
"504",15.6416666666667,47.1668333333333,47.2725,504
"505",15.1833333333333,47.0771666666667,47.3006666666667,505
"506",15.4666666666667,46.9878333333333,47.2993333333333,506
"507",16.0166666666667,46.9061666666667,47.2946666666667,507
"508",15.525,46.9015,47.3811666666667,508
"509",16.1083333333333,46.8943333333333,47.5316666666667,509
"510",15.75,46.892,47.6953333333333,510
"511",15.3083333333333,46.894,47.8321666666667,511
"512",15.7416666666667,46.8968333333333,47.9466666666667,512
"513",15.2833333333333,46.9036666666667,48.0788333333333,513
"514",15.7833333333333,46.9088333333333,48.2136666666667,514
"515",15.375,46.9113333333333,48.3131666666667,515
"516",15.427,46.9086666666667,48.429,516
"517",15.3666666666667,46.9058333333333,48.5586666666667,517
"518",15.8166666666667,46.9043333333333,48.6663333333333,518
"519",15.3916666666667,46.8268333333333,48.636,519
"520",15.8416666666667,46.7603333333333,48.5908333333333,520
"521",15.4166666666667,46.6783333333333,48.5391666666667,521
"522",15.9166666666667,46.6251666666667,48.4521666666667,522
"523",16.4,46.5808333333333,48.3508333333333,523
"524",15.7083333333333,46.578,48.2958333333333,524
"525",16.0416666666667,46.5778333333333,48.2685,525
"526",16.1583333333333,46.5805,48.2626666666667,526
"527",15.7166666666667,46.575,48.1323333333333,527
"528",16.25,46.5716666666667,47.9968333333333,528
"529",15.825,46.5695,47.8663333333333,529
"530",16.325,46.5655,47.7408333333333,530
"531",15.8666666666667,46.5608333333333,47.6186666666667,531
"532",16.3333333333333,46.5676666666667,47.5103333333333,532
"533",16.3083333333333,46.565,47.3861666666667,533
"534",16.3416666666667,46.5668333333333,47.2671666666667,534
"535",15.8833333333333,46.4756666666667,47.308,535
"536",16.3833333333333,46.3938333333333,47.3546666666667,536
"537",15.925,46.3161666666667,47.4013333333333,537
"538",16.3916666666667,46.246,47.4438333333333,538
"539",16.0833333333333,46.2363333333333,47.604,539
"540",16.2,46.2405,47.6035,540
"541",16.6166666666667,46.2546666666667,47.5855,541
"542",15.8916666666667,46.2501666666667,47.5845,542
"543",16.5416666666667,46.245,47.6208333333333,543
"544",16.0666666666667,46.2388333333333,47.7308333333333,544
"545",15.875,46.2401666666667,47.9073333333333,545
"546",16.375,46.239,48.0238333333333,546
"547",15.9166666666667,46.239,48.1343333333333,547
"548",16.4166666666667,46.24,48.2506666666667,548
"549",15.9583333333333,46.2425,48.3665,549
"550",16.3916666666667,46.2456666666667,48.4703333333333,550
"551",16,46.2466666666667,48.606,551
"552",16.5,46.2455,48.7228333333333,552
"553",16.0416666666667,46.2443333333333,48.83,553
"554",16.5416666666667,46.2376666666667,48.8993333333333,554
"555",16.0833333333333,46.2286666666667,49.0153333333333,555
"556",16.5833333333333,46.2338333333333,49.1403333333333,556
"557",16.125,46.2383333333333,49.2603333333333,557
"558",16.625,46.2388333333333,49.3845,558
"559",16.1666666666667,46.2383333333333,49.5086666666667,559
"560",16.6666666666667,46.2378333333333,49.6371666666667,560
"561",16.2083333333333,46.2373333333333,49.7598333333333,561
"562",16.7083333333333,46.237,49.889,562
"563",16.25,46.2376666666667,50.0165,563
"564",16.75,46.2396666666667,50.1435,564
"565",16.2916666666667,46.2395,50.2693333333333,565
"566",16.7916666666667,46.2396666666667,50.3995,566
"567",16.3333333333333,46.2395,50.5288333333333,567
"568",16.8333333333333,46.2375,50.653,568
"569",16.375,46.2365,50.7813333333333,569
"570",16.9916666666667,46.2543333333333,50.8945,570
"571",17.3583333333333,46.2611666666667,50.9188333333333,571
"572",16.7666666666667,46.2423333333333,50.8993333333333,572
"573",16.475,46.2443333333333,51.0611666666667,573
"574",16.9583333333333,46.2428333333333,51.1788333333333,574
"575",16.5,46.2403333333333,51.2976666666667,575
"576",17,46.2398333333333,51.414,576
"577",16.5416666666667,46.2401666666667,51.5348333333333,577
"578",17.0416666666667,46.2381666666667,51.6555,578
"579",16.5833333333333,46.2356666666667,51.776,579
"580",17.0833333333333,46.233,51.8951666666667,580
"581",16.625,46.2336666666667,52.0163333333333,581
"582",17.125,46.2343333333333,52.1388333333333,582
"583",16.6666666666667,46.2351666666667,52.2658333333333,583
"584",17.1666666666667,46.2368333333333,52.3881666666667,584
"585",17.4,46.2375,52.4506666666667,585
"586",16.9583333333333,46.238,52.5831666666667,586
"587",17.4583333333333,46.2366666666667,52.7053333333333,587
"588",16.85,46.2381666666667,52.7916666666667,588
"589",17.35,46.3218333333333,52.7985,589
"590",16.7916666666667,46.3898333333333,52.801,590
"591",17.2916666666667,46.4736666666667,52.7973333333333,591
"592",16.9166666666667,46.5703333333333,52.7911666666667,592
"593",17.4166666666667,46.5696666666667,52.672,593
"594",16.875,46.5701666666667,52.5655,594
"595",17.375,46.5705,52.443,595
"596",16.9166666666667,46.5698333333333,52.3243333333333,596
"597",17.4166666666667,46.5725,52.2041666666667,597
"598",16.9583333333333,46.5753333333333,52.0806666666667,598
"599",17.4583333333333,46.5783333333333,51.9625,599
"600",17,46.5731666666667,51.8446666666667,600
"601",17.2166666666667,46.5716666666667,51.7911666666667,601
"602",17.3333333333333,46.5728333333333,51.7956666666667,602
"603",17.65,46.5736666666667,51.8225,603
"604",17.9333333333333,46.575,51.8245,604
"605",17.5416666666667,46.5725,51.7836666666667,605
"606",17.0833333333333,46.5751666666667,51.6635,606
"607",17.3166666666667,46.5765,51.6036666666667,607
"608",17.8333333333333,46.5753333333333,51.4736666666667,608
"609",17.375,46.5741666666667,51.3451666666667,609
"610",17.875,46.5738333333333,51.2153333333333,610
"611",17.4166666666667,46.573,51.0858333333333,611
"612",17.9166666666667,46.572,50.9545,612
"613",17.4583333333333,46.5721666666667,50.822,613
"614",17.9583333333333,46.574,50.6888333333333,614
"615",17.5,46.5736666666667,50.5566666666667,615
"616",18,46.5701666666667,50.4235,616
"617",17.5416666666667,46.5693333333333,50.2926666666667,617
"618",18.0416666666667,46.5693333333333,50.1583333333333,618
"619",17.5833333333333,46.5715,50.0318333333333,619
"620",18.0833333333333,46.5735,49.906,620
"621",17.625,46.5758333333333,49.7805,621
"622",18.125,46.5745,49.6536666666667,622
"623",18.3416666666667,46.5811666666667,49.6106666666667,623
"624",17.7333333333333,46.5895,49.5858333333333,624
"625",18.0333333333333,46.5835,49.5561666666667,625
"626",17.7083333333333,46.577,49.4025,626
"627",18.2083333333333,46.579,49.292,627
"628",17.75,46.5775,49.1781666666667,628
"629",17.5416666666667,46.5748333333333,49,629
"630",17.775,46.574,48.9478333333333,630
"631",17.8583333333333,46.5746666666667,48.9475,631
"632",18.0833333333333,46.5728333333333,49.0445,632
"633",18.3333333333333,46.5763333333333,49.0225,633
"634",17.8583333333333,46.5801666666667,48.95,634
"635",18.3583333333333,46.6408333333333,48.9393333333333,635
"636",17.9,46.7286666666667,48.9391666666667,636
"637",18.1,46.7881666666667,48.931,637
"638",18.6,46.8225,48.8673333333333,638
"639",18.1416666666667,46.91,48.7655,639
"640",18.3583333333333,46.9015,48.718,640
"641",18.4583333333333,46.9033333333333,48.7276666666667,641
"642",18,46.9035,48.8561666666667,642
"643",18.5,46.9048333333333,48.9875,643
"644",18.0416666666667,46.9063333333333,49.1195,644
"645",18.5416666666667,46.9055,49.2516666666667,645
"646",18.0833333333333,46.9041666666667,49.3806666666667,646
"647",18.5833333333333,46.9033333333333,49.5116666666667,647
"648",18.125,46.9028333333333,49.6416666666667,648
"649",18.5416666666667,46.9035,49.733,649
"650",18.825,46.907,49.7573333333333,650
"651",18.4166666666667,46.9075,49.858,651
"652",17.9583333333333,46.9058333333333,49.9826666666667,652
"653",18.575,46.9075,50.131,653
"654",18,46.9075,50.2228333333333,654
"655",18.5,46.907,50.3435,655
"656",18.0416666666667,46.906,50.4636666666667,656
"657",18.5416666666667,46.923,50.5788333333333,657
"658",18.0833333333333,46.9211666666667,50.7028333333333,658
"659",18.5833333333333,46.9153333333333,50.8218333333333,659
"660",18.125,46.9088333333333,50.9398333333333,660
"661",18.625,46.9073333333333,51.0598333333333,661
"662",18.1666666666667,46.9041666666667,51.1826666666667,662
"663",18.65,46.904,51.3,663
"664",18.2083333333333,46.905,51.4275,664
"665",18.7083333333333,46.9055,51.5481666666667,665
"666",18.25,46.9053333333333,51.6686666666667,666
"667",18.75,46.9053333333333,51.79,667
"668",18.2916666666667,46.9045,51.908,668
"669",18.7916666666667,46.9038333333333,52.032,669
"670",18.3333333333333,46.9031666666667,52.1525,670
"671",18.8333333333333,46.9028333333333,52.275,671
"672",18.375,46.9035,52.3978333333333,672
"673",18.875,46.9013333333333,52.5188333333333,673
"674",19.0083333333333,46.9003333333333,52.5515,674
"675",19.2583333333333,46.932,52.5653333333333,675
"676",18.4333333333333,46.9105,52.5681666666667,676
"677",18.5166666666667,46.9133333333333,52.5665,677
"678",18.8666666666667,46.9318333333333,52.5678333333333,678
"679",19.1833333333333,46.9081666666667,52.5655,679
"680",18.7083333333333,46.9018333333333,52.6835,680
"681",18.8916666666667,46.8988333333333,52.7325,681
"682",18.5,46.981,52.7356666666667,682
"683",19,47.0596666666667,52.7265,683
"684",18.5416666666667,47.1416666666667,52.7133333333333,684
"685",19.1083333333333,47.233,52.6931666666667,685
"686",18.65,47.2351666666667,52.5715,686
"687",19.0833333333333,47.2398333333333,52.473,687
"688",18.625,47.238,52.35,688
"689",19.125,47.245,52.225,689
"690",18.6666666666667,47.2426666666667,52.0995,690
"691",19.1666666666667,47.2408333333333,51.9725,691
"692",18.7083333333333,47.2388333333333,51.8488333333333,692
"693",19.0916666666667,47.2348333333333,51.7785,693
"694",19.175,47.236,51.7831666666667,694
"695",19.0833333333333,47.2398333333333,51.8531666666667,695
"696",19.25,47.2415,51.8515,696
"697",19.7,47.2306666666667,51.8433333333333,697
"698",19.5583333333333,47.2338333333333,51.7675,698
"699",18.8333333333333,47.2358333333333,51.7061666666667,699
"700",19.3333333333333,47.241,51.5841666666667,700
"701",18.875,47.2426666666667,51.4623333333333,701
"702",19.375,47.2428333333333,51.3385,702
"703",18.9166666666667,47.2418333333333,51.2141666666667,703
"704",19.4166666666667,47.2418333333333,51.0916666666667,704
"705",18.9583333333333,47.2421666666667,50.9713333333333,705
"706",19.5083333333333,47.2425,50.8363333333333,706
"707",19,47.2411666666667,50.729,707
"708",19.5,47.2386666666667,50.6065,708
"709",19.0416666666667,47.2375,50.4866666666667,709
"710",19.5416666666667,47.2378333333333,50.3651666666667,710
"711",19.0833333333333,47.238,50.244,711
"712",19.5666666666667,47.2398333333333,50.1206666666667,712
"713",19.125,47.2415,49.9846666666667,713
"714",19.625,47.2438333333333,49.8511666666667,714
"715",19.1666666666667,47.2456666666667,49.7183333333333,715
"716",19.6666666666667,47.2455,49.5871666666667,716
"717",19.2083333333333,47.2423333333333,49.4591666666667,717
"718",19.7083333333333,47.2418333333333,49.3243333333333,718
"719",19.2666666666667,47.2391666666667,49.1925,719
"720",19.75,47.2621666666667,49.289,720
"721",19.2916666666667,47.284,49.4043333333333,721
"722",19.7916666666667,47.3055,49.5235,722
"723",19.3333333333333,47.3266666666667,49.6398333333333,723
"724",19.8333333333333,47.35,49.7606666666667,724
"725",19.375,47.3735,49.8811666666667,725
"726",19.875,47.3958333333333,50.003,726
"727",19.4166666666667,47.4195,50.1233333333333,727
"728",19.9166666666667,47.4426666666667,50.24,728
"729",19.4583333333333,47.4683333333333,50.364,729
"730",20.2083333333333,47.5051666666667,50.544,730
"731",20,47.5413333333333,50.7211666666667,731
"732",19.5416666666667,47.5658333333333,50.8375,732
"733",20.0416666666667,47.5903333333333,50.959,733
"734",19.5833333333333,47.6118333333333,51.0798333333333,734
"735",20.0833333333333,47.6315,51.2031666666667,735
"736",19.625,47.655,51.3223333333333,736
"737",20.125,47.681,51.446,737
"738",19.6666666666667,47.7033333333333,51.5723333333333,738
"739",20.1666666666667,47.7246666666667,51.6973333333333,739
"740",19.7083333333333,47.7463333333333,51.824,740
"741",20.2083333333333,47.7675,51.951,741
"742",19.75,47.7913333333333,52.0743333333333,742
"743",20.25,47.817,52.1955,743
"744",19.7916666666667,47.8385,52.3213333333333,744
"745",20.2916666666667,47.8605,52.4433333333333,745
"746",19.8333333333333,47.8886666666667,52.5653333333333,746
"747",20.25,47.9133333333333,52.668,747
"748",19.875,47.9876666666667,52.7665,748
"749",20.425,48.064,52.8575,749
"750",20.1,47.9871666666667,52.9555,750
"751",20.6,47.9136666666667,52.8813333333333,751
"752",20.075,47.85,52.8143333333333,752
"753",20.36675,47.7638333333333,52.8503333333333,753
"754",20.2166666666667,47.8081666666667,52.9251666666667,754
"755",20.7166666666667,47.854,52.9968333333333,755
"756",20.8666666666667,47.8685,53.0191666666667,756
"757",20.625,47.792,53.0788333333333,757
"758",20.1666666666667,47.7523333333333,53.0156666666667,758
"759",20.4333333333333,47.7261666666667,52.9746666666667,759
"760",20.3583333333333,47.6553333333333,52.8785,760
"761",20.875,47.602,52.9153333333333,761
"762",20.4166666666667,47.5758333333333,52.979,762
"763",20.9166666666667,47.5856666666667,53.0511666666667,763
"764",20.4583333333333,47.635,53.0778333333333,764
"765",20.9083333333333,47.6731666666667,53.1268333333333,765
"766",20.5,47.618,53.143,766
"767",20.9833333333333,47.5638333333333,53.152,767
"768",20.525,47.5163333333333,53.1066666666667,768
"769",21.0416666666667,47.5473333333333,53.1008333333333,769
"770",20.5833333333333,47.5796666666667,53.1063333333333,770
"771",20.8333333333333,47.6005,53.1428333333333,771
"772",20.375,47.6631666666667,53.1326666666667,772
"773",20.8916666666667,47.7188333333333,53.101,773
"774",21.0083333333333,47.718,53.1013333333333,774
"775",20.7666666666667,47.6801666666667,53.1261666666667,775
"776",20.775,47.6821666666667,53.127,776
"777",21.275,47.6301666666667,53.0735,777
"778",20.8166666666667,47.5766666666667,52.9961666666667,778
"779",21.3166666666667,47.6186666666667,52.9073333333333,779
"780",20.8583333333333,47.6743333333333,52.92,780
"781",21.3583333333333,47.7288333333333,53.001,781
"782",20.9166666666667,47.764,53.0488333333333,782
"783",21.4166666666667,47.8031666666667,53.0703333333333,783
"784",20.7083333333333,47.8205,53.0526666666667,784
"785",21.375,47.8505,52.9928333333333,785
"786",20.9166666666667,47.8186666666667,52.9405,786
"787",21.4166666666667,47.7845,52.893,787
"788",21.6,47.7721666666667,52.8745,788
"789",21.425,47.8001666666667,52.8771666666667,789
"790",21.2,47.77,52.9186666666667,790
"791",20.7916666666667,47.7658333333333,52.86,791
"792",21.2916666666667,47.8045,52.8286666666667,792
"793",20.8333333333333,47.8495,52.8156666666667,793
"794",21.3333333333333,47.8926666666667,52.847,794
"795",20.875,47.9246666666667,52.8816666666667,795
"796",21.375,47.9595,52.9183333333333,796
"797",21.825,47.9955,52.935,797
"798",21.4166666666667,48.0371666666667,52.8903333333333,798
"799",21.5833333333333,48.0571666666667,52.8693333333333,799
"800",21.7,47.909,52.6601666666667,800
"801",21.775,47.7896666666667,52.6706666666667,801
"802",21.3916666666667,47.6986666666667,52.479,802
"803",21.6416666666667,47.5365,52.5741666666667,803
"804",21.2916666666667,47.4246666666667,52.468,804
"805",21.475,47.3158333333333,52.6891666666667,805
"806",21.5416666666667,47.169,52.5713333333333,806
"807",22.2166666666667,47.0861666666667,52.7825,807
"808",22.1416666666667,46.9013333333333,52.5768333333333,808
